{
  "Green Line": 1877.449074074074,
  "Blue Line": 1022.5,
  "Orange Line": 4528.277777777777,
  "Red Line": 5963.111111111111
}